source_group,year,paper_count,benchmark_count,benchmark_share,strict_code_a1_count,strict_data_a1_count
phm_society_conf,2022,58,7,0.1206896551724138,1,0
phm_society_conf,2023,55,11,0.2,1,0
phm_society_conf,2024,46,5,0.10869565217391304,2,1
phm_society_conf,2025,46,5,0.10869565217391304,1,1
ijphm,2022,18,4,0.2222222222222222,2,0
ijphm,2023,25,4,0.16,0,0
ijphm,2024,37,6,0.16216216216216217,0,0
ijphm,2025,44,18,0.4090909090909091,1,0
