source_group,year,paper_count,external_public_data_count,external_public_data_share
phm_society_conf,2022,58,8,0.13793103448275862
phm_society_conf,2023,55,13,0.23636363636363636
phm_society_conf,2024,46,8,0.17391304347826086
phm_society_conf,2025,46,6,0.13043478260869565
ijphm,2022,18,4,0.2222222222222222
ijphm,2023,25,5,0.2
ijphm,2024,37,7,0.1891891891891892
ijphm,2025,44,18,0.4090909090909091
